query III
select employee.id, employee.first_name, employee.department_id, department.department_name, department.id 
from employee left join department on employee.department_id = department.id;
----
1 Bill 1 IT 1
2 Gregg 2 Marketing 2
3 John 4 Engineering 4
4 Von NULL NULL NULL

query III
select employee.id, employee.first_name, employee.department_id, department.department_name, department.id 
from employee right join department on employee.department_id = department.id;
----
1 Bill 1 IT 1
2 Gregg 2 Marketing 2
NULL NULL NULL Finance 3
3 John 4 Engineering 4

query III
select employee.id, employee.first_name, employee.department_id, department.department_name, department.id 
from employee inner join department on employee.department_id = department.id;
----
1 Bill 1 IT 1
2 Gregg 2 Marketing 2
3 John 4 Engineering 4

query III
select employee.id, employee.first_name, employee.department_id, department.department_name, department.id 
from employee full join department on employee.department_id = department.id;
----
1 Bill 1 IT 1
2 Gregg 2 Marketing 2
NULL NULL NULL Finance 3
3 John 4 Engineering 4
4 Von NULL NULL NULL


query IIIII
select employee.id, employee.first_name, department.department_name, state.state_name, state.state_code from employee 
left join department on employee.department_id=department.id
right join state on state.state_code=employee.state;
----
1 Bill IT California State CA
2 Gregg Marketing Colorado State CO
3 John Engineering Colorado State CO
NULL NULL NULL New Jersey NJ

query IIIII
select employee.id, employee.first_name, department.department_name, state.state_name, state.state_code from employee 
left join department on employee.department_id=department.id
left join state on state.state_code=employee.state;
----
1 Bill IT California State CA
2 Gregg Marketing Colorado State CO
3 John Engineering Colorado State CO
4 Von NULL NULL NULL

query IIIII
select employee.id, employee.first_name, department.department_name, state.state_name, state.state_code from employee 
left join department on employee.department_id=department.id
inner join state on state.state_code=employee.state;
----
1 Bill IT California State CA
2 Gregg Marketing Colorado State CO
3 John Engineering Colorado State CO

query IIIII
select employee.id, employee.first_name, department.department_name, state.state_name, state.state_code from employee 
left join department on employee.department_id=department.id
full join state on state.state_code=employee.state;
----
1 Bill IT California State CA
2 Gregg Marketing Colorado State CO
3 John Engineering Colorado State CO
NULL NULL NULL New Jersey NJ
4 Von NULL NULL NULL
