onlyif sqlrs_v2
statement ok
create table t1(v1 int, v2 int, v3 int);
create table t2(v1 varchar, v2 boolean, v3 bigint);

onlyif sqlrs_v2
query III rowsort
select schema_name, schema_oid, table_name from sqlrs_tables();
----
main 1 t1
main 1 t2

onlyif sqlrs_v2
query III
select * from sqlrs_columns() where table_name = 't1';
----
t1 [v1, v2, v3] [Integer, Integer, Integer]


onlyif sqlrs_v2
query III
select column_1 from read_csv('../csv/t1.csv', header=>false);
----
a
0
1
2
2

onlyif sqlrs_v2
query III
select a from read_csv('../csv/t1.csv', header=>true, delim=>',') where a = 1;
----
1
