onlyif sqlrs_v2
statement ok
create table t1(v1 int, v2 int, v3 int);
create table t2(v1 varchar, v2 boolean, v3 bigint);

onlyif sqlrs_v2
query III
select schema_name, schema_oid, table_name from sqlrs_tables();
----
main 1 t1
main 1 t2

onlyif sqlrs_v2
query III
select * from sqlrs_columns() where table_name = 't1';
----
t1 [v1, v2, v3] [Integer, Integer, Integer]
